<simulation mode="static" verbosity="medium">
    <output prefix='vib_reactant'>
        <properties stride='1' filename='out'>  [ step, potential{electronvolt}] </properties>
        <trajectory stride="1" filename="xc" format="xyz">x_centroid{angstrom}</trajectory>
   </output>
   <total_steps>400       </total_steps>
   <ffsocket name="cbe" mode="unix" >
       <address> localhost </address>
   </ffsocket>
   <system >
       <initialize nbeads='1'> 
           <file mode='xyz' >  min_reactant.xyz </file>
           <cell mode='abc'> [200.0,  200.0,  200.0  ] </cell>
       </initialize>
       <forces>
          <force forcefield="cbe"> </force>
       </forces>
      <motion mode="vibrations">
        <vibrations mode="fd">
            <pos_shift> 0.01  </pos_shift>  <!-- Displacment length -->
            <prefix> vib </prefix>
            <asr> none </asr>               <!-- Apply acoustic sume rule: none, crystal (translation) or poly(rotation and translation) -->
         </vibrations>
      </motion>
   </system>
</simulation>
