<simulation verbosity="low"> 
<output prefix="nve-nc-mts">
    <properties stride="1" filename="out">
		[step, time{picosecond}, conserved{electronvolt}, temperature{kelvin},
        kinetic_md{electronvolt}, potential{electronvolt}, 
        pot_component(0){electronvolt}, pot_component(1){electronvolt}
		]
    </properties>
    <trajectory filename="pos" stride="2" format="ase"> positions </trajectory>
    <trajectory filename="forces_c" stride="2" format="ase"> forces_component(0) </trajectory>
    <trajectory filename="forces_nc" stride="2" format="ase"> forces_component(1) </trajectory>
    <checkpoint stride="1000"/>
</output>
<total_steps>50</total_steps>
<prng><seed>12345</seed></prng>

<ffdirect  name='cons' pbc="false">
    <pes>metatomic</pes>
    <parameters>{template:data/bmimcl.xyz,model:pet-mad-v1.1.0.pt,device:cpu,non_conservative:False} </parameters>
</ffdirect>
<ffdirect  name='nocons' pbc="false">
    <pes>metatomic</pes>
    <parameters>{template:data/bmimcl.xyz,model:pet-mad-v1.1.0.pt,device:cpu,non_conservative:True} </parameters>
</ffdirect>
<system>
    <initialize nbeads="1">
        <file mode="ase"> data/bmimcl.xyz </file>
        <velocities mode="thermal" units="kelvin"> 400.0 </velocities>
    </initialize>
    <forces>
        <force forcefield="cons">
            <mts_weights>[1,0]</mts_weights>
        </force>
        <force forcefield="nocons">
            <mts_weights>[-1,1]</mts_weights>
        </force>
    </forces>
    <motion mode="dynamics">
    	<dynamics mode="nve">
        	<timestep units="femtosecond"> 4 </timestep>
            <nmts>[1,8]</nmts>
        </dynamics>
    </motion>
</system>
</simulation>
