<simulation verbosity='medium'>
  <output prefix='h2o-32'>
    <properties filename='out' stride='10'>  [ time{picosecond}, temperature{kelvin}, kinetic_md ] </properties>
    <trajectory filename='pos' format='ase' stride='10'> positions </trajectory>  
    <trajectory filename="committee_pot" stride="10" extra_type="committee_pot"> extras </trajectory>
    <trajectory filename="atomic_error" stride="10" extra_type="energy_uncertainty"> extras </trajectory>
  </output>
  <prng>
    <seed>23658</seed>
  </prng>
  <ffdirect name='nocons' pbc="true">
    <pes>metatomic</pes>
    <parameters>
        { template:data/h2o-32.xyz,model:models/pet-mad-latest-llpr.pt,device:cpu,
          non_conservative:False,energy_ensemble:True,
          check_consistency:False,
          uncertainty_threshold:7.0e-2
        }
    </parameters>
  </ffdirect>
  <system>
    <initialize nbeads='1'>
      <file mode='xyz' units="angstrom"> data/h2o-32.xyz </file>
      <velocities mode='thermal' units='kelvin'> 300 </velocities>
    </initialize>
    <forces>
      <force forcefield='nocons'/>
    </forces>
    <ensemble>
      <temperature units='kelvin'>300</temperature>
    </ensemble>
    <motion mode='dynamics'>
      <fixcom>True</fixcom>
      <dynamics mode='nvt'>
        <timestep units='femtosecond'>0.5</timestep>
        <thermostat mode='langevin'> 
          <tau units='femtosecond'>50</tau>
        </thermostat>
      </dynamics>
    </motion>
  </system>
</simulation>
