<simulation verbosity='medium' safe_stride='100'>
  <output prefix='simulation_gle'>
      <properties stride='1' filename='out'>  
      [ step, time{picosecond}, conserved{electronvolt}, 
      temperature{kelvin}, kinetic_md{electronvolt}, potential{electronvolt}, 
      temperature(H){kelvin}, temperature(O){kelvin} ] </properties>
    <trajectory filename='pos' stride='10'> positions </trajectory>
    <trajectory filename='vel' stride='1'> velocities </trajectory>
  </output>
  <total_steps> 2000 </total_steps>
  <prng>
    <seed> 32342 </seed>
  </prng>
  <ffsocket name='lmpserial' mode='unix' pbc='false'>
      <address>h2o-lammps</address> <latency> 1e-4 </latency>
  </ffsocket>
  <system>
    <initialize nbeads='1'>
      <file mode='pdb' units='angstrom'> data/water_32.pdb </file>
      <velocities mode='thermal' units='kelvin'> 300 </velocities>
    </initialize>
    <forces>
      <force forcefield='lmpserial'> lmpserial </force>
    </forces>
    <ensemble>
      <temperature units='kelvin'>300</temperature>
    </ensemble>
    <motion mode='dynamics'>
      <dynamics mode='nvt'>
        <timestep units='femtosecond'> 1.0 </timestep>
  <thermostat mode='gle'>
    <A shape='(7,7)'>
      [   8.191023526179e-4,    8.328506066524e-3,    1.657771834013e-3,    9.736989925341e-4,    2.841803794895e-4,   -3.176846864198e-5,   -2.967010478210e-4, 
  -8.389856546341e-4,    2.405526974742e-2,   -1.507872374848e-2,    2.589784240185e-3,    1.516783633362e-3,   -5.958833418565e-4,    4.198422349789e-4, 
   7.798710586406e-4,    1.507872374848e-2,    8.569039501219e-3,    6.001000899602e-3,    1.062029383877e-3,    1.093939147968e-3,   -2.661575532976e-3, 
  -9.676783161546e-4,   -2.589784240185e-3,   -6.001000899602e-3,    2.680459336535e-5,   -5.214694469742e-5,    4.231304910751e-4,   -2.104894919743e-5, 
  -2.841997149166e-4,   -1.516783633362e-3,   -1.062029383877e-3,    5.214694469742e-5,    1.433903506353e-9,   -4.241574212449e-5,    7.910178912362e-5, 
   3.333208286893e-5,    5.958833418565e-4,   -1.093939147968e-3,   -4.231304910751e-4,    4.241574212449e-5,    2.385554468441e-8,   -3.139255482869e-5, 
   2.967533789056e-4,   -4.198422349789e-4,    2.661575532976e-3,    2.104894919743e-5,   -7.910178912362e-5,    3.139255482869e-5,   2.432567259684e-11
     ]
    </A>
  </thermostat>        
      </dynamics>
    </motion>
  </system>
</simulation>
