<simulation safe_stride='10' verbosity='medium'>
    <ffsocket mode='unix' name='driver'>
         <latency> 1.00000000e-04 </latency>
         <address> lj </address>
   </ffsocket>
   <ffplumed name="plumed">
         <file mode="xyz" units="angstrom"> data/lj-oct.xyz </file>
         <plumed_dat> data/plumed-mts.dat </plumed_dat>
         <plumed_extras> [cv1, cv2] </plumed_extras>
   </ffplumed>
   <prng><seed>12345</seed></prng>  
   <total_steps>2000</total_steps>
   <output prefix="meta-md">
      <trajectory stride="10" filename="pos" format="ase">positions</trajectory>
      <trajectory stride="10" filename="colvar" bead="0" extra_type="cv1, cv2"> extras_bias </trajectory>
      <properties stride="10">
          [ step, time{picosecond}, conserved{ase}, temperature{kelvin}, kinetic_md{ase}, potential{ase}, ensemble_bias{ase} ]
      </properties>
   </output>
   <prng>
      <seed>18885</seed>
   </prng>
   <system>
      <forces>
          <force forcefield="driver">
               <mts_weights> [0,1] </mts_weights>
          </force>
      </forces>
      <initialize nbeads="1">
        <file mode="xyz" units="angstrom">data/lj-oct.xyz</file>
        <cell units="angstrom">[ 20, 0, 0, 0, 20, 0, 0, 0, 20 ]</cell>
        <velocities mode="thermal" units="kelvin"> 19.3 </velocities> 
      </initialize>
      <ensemble>
         <temperature units="kelvin"> 19.3 </temperature>
         <bias>
             <force forcefield="plumed">
                 <mts_weights> [1, 0] </mts_weights>
             </force>
         </bias>
      </ensemble>
      <motion mode="dynamics">
        <fixcom> True </fixcom>
        <dynamics mode="nvt" splitting="baoab">
            <timestep units="femtosecond"> 5.0 </timestep> <!-- 2x the fast timestep -->
          <thermostat mode='multi'>
              <thermostat mode='gle'>
<!--
# Generated at http://cosmo-epfl.github.io/gle4md
# Please cite:
# M. Ceriotti, G. Bussi and M. Parrinello, J. Chem. Theory Comput. 6, 1170 (2010) 
# M. Ceriotti, G. Bussi and M. Parrinello, Phys. Rev. Lett. 102, 020601 (2009)
# Smart-sampling GLE. Enforces efficient sampling, focussing the effort on the slowest mode 
# accessible by the simulation. Generated from the parameter file
# library/smart/smart-0.5_6-2.a, 
# and shifted so that they are effective to sample optimally 
# a time scale of t_opt=1 picoseconds,
# and do as well as possible upt to a cutoff frequency of 
# νmax=100 THz [3336 cm^-1]
-->
    <A shape='(7,7)'>
      [   8.191023526179e-4,    8.328506066524e-3,    1.657771834013e-3,    9.736989925341e-4,    2.841803794895e-4,   -3.176846864198e-5,   -2.967010478210e-4, 
  -8.389856546341e-4,    2.405526974742e-2,   -1.507872374848e-2,    2.589784240185e-3,    1.516783633362e-3,   -5.958833418565e-4,    4.198422349789e-4, 
   7.798710586406e-4,    1.507872374848e-2,    8.569039501219e-3,    6.001000899602e-3,    1.062029383877e-3,    1.093939147968e-3,   -2.661575532976e-3, 
  -9.676783161546e-4,   -2.589784240185e-3,   -6.001000899602e-3,    2.680459336535e-5,   -5.214694469742e-5,    4.231304910751e-4,   -2.104894919743e-5, 
  -2.841997149166e-4,   -1.516783633362e-3,   -1.062029383877e-3,    5.214694469742e-5,    1.433903506353e-9,   -4.241574212449e-5,    7.910178912362e-5, 
   3.333208286893e-5,    5.958833418565e-4,   -1.093939147968e-3,   -4.231304910751e-4,    4.241574212449e-5,    2.385554468441e-8,   -3.139255482869e-5, 
   2.967533789056e-4,   -4.198422349789e-4,    2.661575532976e-3,    2.104894919743e-5,   -7.910178912362e-5,    3.139255482869e-5,   2.432567259684e-11
     ]
    </A>                  
            </thermostat>
            <thermostat mode="svr">
                <tau units="femtosecond"> 25 </tau>
            </thermostat>
          </thermostat>
          <nmts> [1, 2] </nmts>
        </dynamics>
      </motion>
  </system>
  <smotion mode="metad">
     <metad> <metaff> [ plumed ] </metaff> </metad>
  </smotion>
</simulation>
