<simulation verbosity='medium'>
  <output prefix='mts'>
    <properties filename='out' stride='1'> [step, time{picosecond}, conserved{electronvolt}, temperature{kelvin}, potential{electronvolt}, kinetic_md{electronvolt}, pressure_md{megapascal}, pot_component{electronvolt}(0), pot_component{electronvolt}(1) ] </properties>
    <trajectory filename='pos' stride='100' format='xyz' cell_units='angstrom'> positions{angstrom} </trajectory>
    <checkpoint filename='checkpoint' stride='1000' overwrite='True'/>
  </output>
  <total_steps> 5000 </total_steps>
  <ffsocket mode='unix' name='qtip4pf' pbc='false'>
      <address>qtip4pf-mts-full</address>
  </ffsocket>
  <ffsocket mode='unix' name='qtip4pf-sr' pbc='false'>
      <address>qtip4pf-mts-sr</address>
  </ffsocket>
  <system>
      <initialize nbeads='1'>
      <file mode='pdb' units='angstrom'> data/water_32.pdb </file>    
      <velocities mode='thermal' units='kelvin'> 300 </velocities>
    </initialize>
    <forces>
      <force forcefield='qtip4pf'>
        <mts_weights>[1,0]</mts_weights>
      </force>
      <force forcefield='qtip4pf-sr'>
        <mts_weights>[-1,1]</mts_weights>
      </force>
    </forces>
    <ensemble>
      <temperature units='kelvin'> 300 </temperature>
    </ensemble>
    <motion mode='dynamics'>
      <dynamics mode='nvt'>
          <timestep units='femtosecond'> 2.0 </timestep>
          <nmts>[1,4]</nmts>
          <thermostat mode="svr">
             <tau units="femtosecond"> 500 </tau>
          </thermostat>
      </dynamics>
    </motion>
  </system>
</simulation>
