<simulation verbosity='medium'>
  <output prefix='md'>
    <properties filename='out' stride='4'> [step, time{picosecond}, conserved{electronvolt}, temperature{kelvin}, potential{electronvolt}, kinetic_md{electronvolt}, pressure_md{megapascal} ] </properties>
    <trajectory filename='pos' stride='100' format='xyz' cell_units='angstrom'> positions{angstrom} </trajectory>
    <checkpoint filename='checkpoint' stride='1000' overwrite='True'/>
  </output>
  <total_steps> 20000 </total_steps>
  <ffsocket mode='unix' name='qtip4pf' pbc='false'>
      <address>qtip4pf-md</address>
  </ffsocket>  
  <system>
    <initialize nbeads='1'>
      <file mode='pdb' units='angstrom'> data/water_32.pdb </file>
      <velocities mode='thermal' units='kelvin'> 300 </velocities>
    </initialize>
    <forces>
      <force forcefield='qtip4pf'></force>
    </forces>
    <ensemble>
      <temperature units='kelvin'> 300 </temperature>
    </ensemble>
    <motion mode='dynamics'>
      <dynamics mode='nvt'>
          <timestep units='femtosecond'> 0.5 </timestep>
          <thermostat mode="svr">
             <tau units="femtosecond"> 500 </tau>
          </thermostat>
      </dynamics>
    </motion>
  </system>
</simulation>
