<simulation verbosity='medium' safe_stride='100'>
  <output prefix='water-cv'>
      <properties filename='out' stride='4'>  
         [ step, time{picosecond}, conserved, potential, kinetic_cv, 
           scaledcoords(fd_delta=5e-3) ] 
      </properties>
  </output>
  <total_steps> 2000 </total_steps>
  <prng>
    <seed> 32342 </seed>
  </prng>
  <ffsocket name='lmpserial' mode='unix' pbc='false'>
      <address>h2o-lammps</address> <latency> 1e-4 </latency>
  </ffsocket>
  <system>
    <initialize nbeads='8'>
      <file mode='pdb' units='angstrom'> data/water_32.pdb </file>
      <velocities mode='thermal' units='kelvin'> 298 </velocities>
    </initialize>
    <forces>
      <force forcefield='lmpserial'> lmpserial </force>
    </forces>
    <ensemble>
      <temperature units='kelvin'>298</temperature>
    </ensemble>
    <motion mode='dynamics'>
      <dynamics mode='nvt'>
        <thermostat mode='pile_g'>
          <tau units="femtosecond"> 5.0 </tau>     
        </thermostat>
        <timestep units='femtosecond'> 0.5 </timestep>
      </dynamics>
    </motion>
  </system>
</simulation>
